file,label
9790535_7.jpg,0
73256171_3.jpg,0
35453618_3.jpg,1
6809506_5.jpg,1
246153420_30.jpg,1
54611583_8.jpg,0
201439_5.jpg,0
21531594_16.jpg,0
101588340_18.jpg,0
120229565_19.jpg,0
80196344_39.jpg,0
71833181_8.jpg,0
192130537_27.jpg,0
9542721_12.jpg,0
43647437_14.jpg,0
86816322_1.jpg,1
20869319_11.jpg,0
12086478_14.jpg,0
80196344_9.jpg,0
37407303_33.jpg,0
25519067_30.jpg,0
102368813_7.jpg,0
36973635_6.jpg,0
44106561_9.jpg,0
61759916_23.jpg,1
50620324_1.jpg,1
7829550_4.jpg,0
7200635_16.jpg,0
114625056_43.jpg,1
46872049_1.jpg,1
7555437_10.jpg,0
73251335_42.jpg,0
7727600_9.jpg,0
2064186738_8.jpg,0
74310344_23.jpg,0
87641228_31.jpg,0
9790535_42.jpg,0
325860210_27.jpg,0
20416589_38.jpg,0
21726461_14.jpg,0
119445715_13.jpg,0
73251335_20.jpg,0
37407303_42.jpg,1
7180802_38.jpg,1
313426045_38.jpg,1
29707598_19.jpg,0
54964289_9.jpg,1
52692697_6.jpg,1
13606263_9.jpg,0
57498054_27.jpg,0
16606073_18.jpg,0
72230722_18.jpg,0
76774613_13.jpg,0
89789464_18.jpg,0
175367126_16.jpg,0
317107193_40.jpg,1
11565115_2.jpg,1
87625562_15.jpg,0
295219595_3.jpg,0
46733477_11.jpg,0
16606073_7.jpg,0
16234438_17.jpg,0
33484187_18.jpg,0
119445715_16.jpg,0
118326436_18.jpg,0
36588972_57.jpg,1
335698626_14.jpg,0
305352748_36.jpg,0
7072060_3.jpg,0
54600272_28.jpg,0
51706946_24.jpg,0
6924761_30.jpg,1
45936477_21.jpg,0
53378697_18.jpg,0
8237274_3.jpg,0
61000619_21.jpg,0
73252075_54.jpg,1
99149502_22.jpg,0
15128043_32.jpg,0
52578354_18.jpg,0
38463654_27.jpg,0
114391633_8.jpg,0
46182586_25.jpg,0
49178119_29.jpg,0
51673319_8.jpg,0
80196344_17.jpg,0
56760561_14.jpg,0
23448603_9.jpg,0
104394993_6.jpg,0
72230722_16.jpg,0
13013670_9.jpg,0
65029739_23.jpg,0
6891460_11.jpg,0
59125813_11.jpg,0
21039655_26.jpg,0
8336593_2.jpg,1
82557751_56.jpg,0
73252075_33.jpg,0
25519067_8.jpg,0
34497556_4.jpg,0
43456713_1.jpg,1
43168416_17.jpg,0
89593593_1.jpg,1
97421000_22.jpg,0
73251335_12.jpg,0
6980140_5.jpg,0
55109879_26.jpg,0
123564844_16.jpg,0
56760561_18.jpg,0
36973635_7.jpg,0
114391633_20.jpg,0
246153420_42.jpg,0
63360523_36.jpg,1
45201311_3.jpg,1
337614833_45.jpg,0
13243162_18.jpg,0
32318257_3.jpg,0
2064186738_11.jpg,1
12086478_54.jpg,0
13509443_14.jpg,0
16234438_11.jpg,0
7124437_31.jpg,0
80904301_19.jpg,0
30286189_24.jpg,0
13606263_23.jpg,1
59275667_5.jpg,0
10377904_7.jpg,0
119674919_35.jpg,0
13296877_26.jpg,1
48939839_30.jpg,1
85596313_10.jpg,0
53747023_75.jpg,1
49103774_15.jpg,0
12066579_37.jpg,0
63806137_11.jpg,0
72671099_56.jpg,1
107403582_20.jpg,0
92570847_17.jpg,0
114391633_37.jpg,1
4796665_7.jpg,0
25608417_17.jpg,0
11565115_12.jpg,0
11110546_34.jpg,1
19797275_13.jpg,0
16234438_12.jpg,0
92558056_9.jpg,0
13722161_32.jpg,0
63806137_9.jpg,0
37407303_21.jpg,0
305486803_7.jpg,0
45377878_29.jpg,0
81828359_4.jpg,0
37008339_2.jpg,1
57498054_19.jpg,0
10255641_12.jpg,0
94692911_7.jpg,1
7136661_16.jpg,0
71478052_29.jpg,0
16234438_26.jpg,0
22122177_24.jpg,0
49178119_6.jpg,1
53747023_34.jpg,0
123564844_5.jpg,0
10366279_1.jpg,0
337614833_40.jpg,1
16606073_22.jpg,1
59156825_11.jpg,0
7186848_42.jpg,1
6879743_3.jpg,1
126629981_5.jpg,0
7073837_18.jpg,0
25557404_3.jpg,0
37216255_16.jpg,0
78966829_31.jpg,0
9131800_28.jpg,0
13371385_30.jpg,0
35512578_1.jpg,1
65942757_33.jpg,1
62705092_22.jpg,0
76543323_1.jpg,1
2063555495_22.jpg,0
7000596_7.jpg,0
110203411_17.jpg,0
33488692_16.jpg,0
995819_7.jpg,0
49178119_16.jpg,0
8617419_23.jpg,1
78966829_22.jpg,0
16698075_20.jpg,0
313426045_4.jpg,0
30290751_28.jpg,0
75366686_30.jpg,0
48779287_3.jpg,0
90990673_1.jpg,0
35181994_5.jpg,0
62742946_37.jpg,1
49047211_25.jpg,1
52273286_17.jpg,0
14584233_1.jpg,1
995819_24.jpg,0
60140324_18.jpg,0
44142173_27.jpg,0
7192970_21.jpg,0
81949874_8.jpg,0
71602330_20.jpg,0
114391633_6.jpg,0
74627321_7.jpg,1
220859372_20.jpg,0
103216989_6.jpg,0
71478052_44.jpg,1
73161583_15.jpg,0
25149773_21.jpg,0
333831958_4.jpg,0
21460738_34.jpg,1
85576256_17.jpg,0
20416589_41.jpg,0
48779287_8.jpg,0
11511471_1.jpg,1
13631687_12.jpg,0
10172542_28.jpg,0
80196344_30.jpg,0
43922033_55.jpg,0
20703479_30.jpg,0
126247151_18.jpg,0
338604743_10.jpg,0
73252075_55.jpg,1
81868545_13.jpg,0
157962232_8.jpg,0
119445715_32.jpg,0
104050066_43.jpg,0
53747023_3.jpg,1
2075455156_7.jpg,0
20665173_29.jpg,1
51988373_17.jpg,0
36019407_35.jpg,0
30802009_26.jpg,0
82557751_59.jpg,0
85317201_11.jpg,0
23580011_10.jpg,0
2060743498_1.jpg,1
157962232_5.jpg,0
72671099_16.jpg,0
25519067_5.jpg,0
11110546_40.jpg,1
329766441_23.jpg,0
50042194_8.jpg,0
45419827_4.jpg,0
87891747_20.jpg,0
17638398_23.jpg,1
71602330_28.jpg,0
49296559_33.jpg,1
61205423_33.jpg,0
12060108_28.jpg,0
34701603_35.jpg,0
65004361_19.jpg,0
245945095_21.jpg,0
44611061_74.jpg,0
13638017_8.jpg,0
20930218_5.jpg,0
82779541_27.jpg,0
20836388_33.jpg,1
2063555495_21.jpg,0
22220376_2.jpg,1
6959079_12.jpg,0
25268153_2.jpg,0
2075455156_3.jpg,1
30364364_8.jpg,0
306423235_25.jpg,0
94875681_20.jpg,0
7158830_22.jpg,0
79889501_3.jpg,1
71602330_38.jpg,1
7648430_15.jpg,0
36263167_13.jpg,0
85576256_21.jpg,0
43167632_20.jpg,0
13243162_3.jpg,0
38445836_8.jpg,0
30133951_23.jpg,1
49047211_15.jpg,0
7124437_15.jpg,0
66705825_12.jpg,1
74450011_18.jpg,0
30133951_3.jpg,0
337340973_35.jpg,0
13650284_6.jpg,0
38788511_27.jpg,0
21726461_16.jpg,0
21873059_26.jpg,0
48909576_6.jpg,0
246153420_35.jpg,0
17033221_6.jpg,0
31690097_44.jpg,1
50508040_32.jpg,1
8617419_7.jpg,0
37407303_29.jpg,0
71833181_17.jpg,0
20416589_42.jpg,0
93020865_16.jpg,0
13631687_2.jpg,1
331648352_35.jpg,0
46668835_12.jpg,0
36148305_20.jpg,0
126629981_46.jpg,1
11110546_37.jpg,0
104394993_20.jpg,0
114626103_38.jpg,0
221623329_28.jpg,0
38463654_13.jpg,0
102368813_27.jpg,0
96660714_30.jpg,0
file,label
53373856_37.jpg,1
72671099_55.jpg,1
12950505_29.jpg,1
65942757_33.jpg,1
105301712_3.jpg,1
65942757_32.jpg,1
62742946_36.jpg,1
46668835_54.jpg,1
114625056_45.jpg,1
8471139_24.jpg,1
61000619_2.jpg,1
54857065_1.jpg,1
119445715_1.jpg,1
8336593_3.jpg,1
65942757_35.jpg,1
7072060_35.jpg,1
53747023_3.jpg,1
27457089_2.jpg,1
16926181_22.jpg,1
55089503_38.jpg,1
36998298_42.jpg,1
37008339_33.jpg,1
141513069_1.jpg,1
46668835_64.jpg,1
43266231_2.jpg,1
2069713034_1.jpg,1
20994062_40.jpg,1
44611061_73.jpg,1
66185338_28.jpg,1
29707598_48.jpg,1
15160116_28.jpg,1
7072060_50.jpg,1
12086478_60.jpg,1
21551898_25.jpg,1
126629981_46.jpg,1
30288881_25.jpg,1
51706946_2.jpg,1
36019407_32.jpg,1
99149502_6.jpg,1
17033221_39.jpg,1
93020865_26.jpg,1
63682743_2.jpg,1
49103774_28.jpg,1
78966829_35.jpg,1
2066648755_1.jpg,1
97421000_26.jpg,1
337722438_2.jpg,1
331648352_42.jpg,1
16234438_2.jpg,1
55109879_1.jpg,1
45863923_1.jpg,1
38503075_17.jpg,1
58820622_1.jpg,1
123115096_3.jpg,1
60600313_37.jpg,1
71478052_1.jpg,1
7136661_2.jpg,1
16606073_22.jpg,1
31690097_35.jpg,1
332840039_28.jpg,1
75135168_1.jpg,1
49236945_34.jpg,1
880936_26.jpg,1
102327221_44.jpg,1
57638504_3.jpg,1
78433904_29.jpg,1
17105913_16.jpg,1
10172542_41.jpg,1
44611061_56.jpg,1
48830324_35.jpg,1
13389196_2.jpg,1
7100053_1.jpg,1
38828330_4.jpg,1
8083162_27.jpg,1
7829550_1.jpg,1
306182357_38.jpg,1
1253646_1.jpg,1
23448603_30.jpg,1
49236945_35.jpg,1
6879743_1.jpg,1
20232384_6.jpg,1
16433159_41.jpg,1
21726461_38.jpg,1
54611583_21.jpg,1
1253646_39.jpg,1
305352748_6.jpg,1
86794626_5.jpg,1
51706946_41.jpg,1
45201311_19.jpg,1
21398165_18.jpg,1
61000619_43.jpg,1
16974677_18.jpg,1
37027409_2.jpg,1
99235745_65.jpg,1
13451932_1.jpg,1
68243244_1.jpg,1
89337987_1.jpg,1
75465260_35.jpg,1
29930689_29.jpg,1
25545599_1.jpg,1
45473165_20.jpg,1
101588340_8.jpg,1
20994062_6.jpg,1
50022939_3.jpg,1
73468757_1.jpg,1
19468726_22.jpg,1
14292603_1.jpg,1
1749066_1.jpg,1
18046206_71.jpg,1
102368813_2.jpg,1
44686724_11.jpg,1
35181994_17.jpg,1
49178119_30.jpg,1
73252075_55.jpg,1
71024819_17.jpg,1
43170967_3.jpg,1
43402249_10.jpg,1
23494042_16.jpg,1
23376366_4.jpg,1
65863922_34.jpg,1
15160116_35.jpg,1
92906617_30.jpg,1
101588340_34.jpg,1
16324085_6.jpg,1
228592505_3.jpg,1
1253646_2.jpg,1
78966829_41.jpg,1
50022939_38.jpg,1
31864039_1.jpg,1
119710950_81.jpg,1
43422869_9.jpg,1
122199148_16.jpg,1
25519067_37.jpg,1
13606263_2.jpg,1
2064186738_3.jpg,0
114625056_25.jpg,0
246561692_15.jpg,0
44160239_14.jpg,0
25608417_22.jpg,0
54964289_73.jpg,1
36309206_4.jpg,0
20836388_15.jpg,0
36588972_24.jpg,0
72068246_8.jpg,0
33484187_2.jpg,1
6809506_8.jpg,0
10255641_17.jpg,0
105301712_18.jpg,0
332840039_4.jpg,0
245945095_11.jpg,0
13613925_12.jpg,1
44611061_53.jpg,1
21039655_35.jpg,0
53373856_6.jpg,0
62742946_27.jpg,0
94875681_18.jpg,0
329766441_23.jpg,0
43402249_7.jpg,0
121079306_3.jpg,0
63309003_9.jpg,1
5638814_18.jpg,0
37216255_30.jpg,1
124758137_1.jpg,1
25268153_34.jpg,1
44142173_5.jpg,1
21460738_54.jpg,1
7648430_2.jpg,1
51673319_29.jpg,1
51891188_3.jpg,1
121079306_4.jpg,1
54964289_50.jpg,1
15128043_52.jpg,1
17101074_3.jpg,1
95092176_22.jpg,1
30286189_2.jpg,1
48657827_28.jpg,1
80426525_1.jpg,1
49148157_1.jpg,1
295219595_2.jpg,1
119445715_2.jpg,1
